Workbook

Sheet Data
A1: Date | B1: SPY | C1: QQQ | D1: TLT | E1: DBC | F1: GLD | G1: UUP
A2: 40182 | B2: 113.33 | C2: 46.203784 | D2: 89.81 | E2: 25.24 | F2: 109.78 | G2: 22.92
A3: 40183 | B3: 113.65 | C3: 46.203784 | D3: 90.39 | E3: 25.23 | F3: 109.67 | G3: 22.91
A4: 40184 | B4: 113.73 | C4: 45.974855 | D4: 89.18 | E4: 25.72 | F4: 111.56 | G4: 22.85
A5: 40185 | B5: 114.21 | C5: 45.954948 | D5: 89.33 | E5: 25.4 | F5: 110.83 | G5: 23
A6: 40186 | B6: 114.62 | C6: 46.333178 | D6: 89.29 | E6: 25.43 | F6: 111.38 | G6: 22.84
A7: 40189 | B7: 114.74 | C7: 46.144063 | D7: 88.8 | E7: 25.27 | F7: 112.85 | G7: 22.72
A8: 40190 | B8: 113.67 | C8: 45.566765 | D8: 90.32 | E8: 24.74 | F8: 110.51 | G8: 22.72
A9: 40191 | B9: 114.64 | C9: 46.13411 | D9: 89.27 | E9: 24.78 | F9: 111.54 | G9: 22.7
A10: 40192 | B10: 114.94 | C10: 46.16397 | D10: 90.52 | E10: 24.65 | F10: 112.03 | G10: 22.67
A11: 40193 | B11: 113.67 | C11: 45.636439 | D11: 91.08 | E11: 24.37 | F11: 110.86 | G11: 22.77
A12: 40197 | B12: 115.12 | C12: 46.372992 | D12: 90.82 | E12: 24.53 | F12: 111.5 | G12: 22.84
A13: 40198 | B13: 113.86 | C13: 45.706112 | D13: 91.74 | E13: 24.07 | F13: 108.94 | G13: 23.12
... A4025: 46022 | B4025: 681.92 | C4025: 614.31 | D4025: 87.16 | E4025: 22.36 | F4025: 396.31 | G4025: 27.03

Sheet Returns
A1: Date | B1: SPY | C1: QQQ | D1: TLT | E1: DBC | F1: GLD | G1: UUP
A2: {=Data!A3:A4025} -> 40183
A3: 40184
A4: 40185
A5: 40186
A6: 40189
A7: 40190
A8: 40191
A9: 40192
A10: 40193
A11: 40197
A12: 40198
A13: 40199
A14: 40200
... A4024: 46022

Sheet Stats
B1: Average Daily Returns and Standard Deviations | J1: Covariance matrix
B2: SPY | C2: QQQ | D2: TLT | E2: DBC | F2: GLD | G2: UUP | K2: SPY | L2: QQQ | M2: TLT | N2: DBC | O2: GLD | P2: UUP
A3: MEAN | J3: SPY
A4: STD | J4: QQQ
J5: TLT
J6: DBC
B7: Average Monthly Returns and Standard Deviations | J7: GLD
B8: SPY | C8: QQQ | D8: TLT | E8: DBC | F8: GLD | G8: UUP | J8: UUP
A9: MEAN
A10: STD
B13: Average Annual Returns and Standard Deviations
B14: SPY | C14: QQQ | D14: TLT | E14: DBC | F14: GLD | G14: UUP
A15: MEAN
A16: STD
B19: Average Daily Returns and Standard Deviations (for the last 3 years)
B20: SPY | C20: QQQ | D20: TLT | E20: DBC | F20: GLD | G20: UUP
A21: MEAN
A22: STD
B25: Average Annual Returns and Standard Deviations (for the last 3 years)
B26: SPY | C26: QQQ | D26: TLT | E26: DBC | F26: GLD | G26: UUP
A27: MEAN
A28: STD

Sheet Portfolios
A1: Portfolio Weight Construction
A3: Target Returns | B3: {=_xlfn.SEQUENCE(1, 100, 0.005, 0.0025)} -> 0.005 | C3: 0.0075 | D3: 0.01 | E3: 0.0125 | F3: 0.015 | G3: 0.0175 | H3: 0.02 | I3: 0.0225 | J3: 0.025 | K3: 0.0275 | L3: 0.03 | M3: 0.0325 | N3: 0.035 | O3: 0.0375 | P3: 0.04 | Q3: 0.0425 | R3: 0.045 | S3: 0.0475 | T3: 0.05 | U3: 0.0525 | V3: 0.055 | W3: 0.0575 | X3: 0.06 | Y3: 0.0625 | Z3: 0.065 | AA3: 0.0675 | AB3: 0.07 | AC3: 0.0725 | AD3: 0.075 | AE3: 0.0775 | AF3: 0.08 | AG3: 0.0825 | AH3: 0.085 | AI3: 0.0875 | AJ3: 0.09 | AK3: 0.0925 | AL3: 0.095 | AM3: 0.0975 | AN3: 0.1 | AO3: 0.1025 | AP3: 0.105 | AQ3: 0.1075 | AR3: 0.11 | AS3: 0.1125 | AT3: 0.115 | AU3: 0.1175 | AV3: 0.12 | AW3: 0.1225 | AX3: 0.125 | AY3: 0.1275 | AZ3: 0.13 | BA3: 0.1325 | BB3: 0.135 | BC3: 0.1375 | BD3: 0.14 | BE3: 0.1425 | BF3: 0.145 | BG3: 0.1475 | BH3: 0.15 | BI3: 0.1525 | BJ3: 0.155 | BK3: 0.1575 | BL3: 0.16 | BM3: 0.1625 | BN3: 0.165 | BO3: 0.1675 | BP3: 0.17 | BQ3: 0.1725 | BR3: 0.175 | BS3: 0.1775 | BT3: 0.18 | BU3: 0.1825 | BV3: 0.185 | BW3: 0.1875 | BX3: 0.19 | BY3: 0.1925 | BZ3: 0.195 | CA3: 0.1975 | CB3: 0.2 | CC3: 0.2025 | CD3: 0.205 | CE3: 0.2075 | CF3: 0.21 | CG3: 0.2125 | CH3: 0.215 | CI3: 0.2175 | CJ3: 0.22 | CK3: 0.2225 | CL3: 0.225 | CM3: 0.2275 | CN3: 0.23 | CO3: 0.2325 | CP3: 0.235 | CQ3: 0.2375 | CR3: 0.24 | CS3: 0.2425 | CT3: 0.245 | CU3: 0.2475 | CV3: 0.25 | CW3: 0.2525
A5: w_SPY
A6: w_QQQ
A7: w_TLT
A8: w_AGG
A9: w_GLD
A10: w_EEM
A12: Weights Sum (check)
A14: Expected Return (check)
A15: Variance
A16: Volatility
A19: Math Utilities
B22: inverse covariance
B31: Vettore 1 | C31: Inv_cov @ 1 | D31: Inv_cov @ mu
B40: A | C40: B | D40: C | E40: D

Sheet CML
A1: Capital Market Line
A3: Expected Return | B3: =Portfolios!B14 -> 0 | C3: =Portfolios!C14 -> 0 | D3: =Portfolios!D14 -> 0 | E3: =Portfolios!E14 -> 0 | F3: =Portfolios!F14 -> 0 | G3: =Portfolios!G14 -> 0 | H3: =Portfolios!H14 -> 0 | I3: =Portfolios!I14 -> 0 | ... CW3: =Portfolios!CW14 -> 0
A4: =Portfolios!A16 -> Volatility | B4: =Portfolios!B16 -> 0 | C4: =Portfolios!C16 -> 0 | D4: =Portfolios!D16 -> 0 | E4: =Portfolios!E16 -> 0 | F4: =Portfolios!F16 -> 0 | G4: =Portfolios!G16 -> 0 | H4: =Portfolios!H16 -> 0 | ... CW4: =Portfolios!CW16 -> 0
A6: Risk Free | B6: 0.015
A8: Sharpe Ratio
A10: Max Sharpe Ratio
A11: Exp. Return Tangency Portfolio
A12: Volatility Tangency Portfolio
A15: x values | B15: {=_xlfn.SEQUENCE(1,100,0,MAX(B4:CW4)/99)} -> 0 | C15: 0 | D15: 0 | E15: 0 | F15: 0 | G15: 0 | H15: 0 | I15: 0 | J15: 0 | K15: 0 | L15: 0 | M15: 0 | N15: 0 | O15: 0 | P15: 0 | Q15: 0 | R15: 0 | S15: 0 | T15: 0 | U15: 0 | V15: 0 | W15: 0 | X15: 0 | Y15: 0 | Z15: 0 | AA15: 0 | AB15: 0 | AC15: 0 | AD15: 0 | AE15: 0 | AF15: 0 | AG15: 0 | AH15: 0 | AI15: 0 | AJ15: 0 | AK15: 0 | AL15: 0 | AM15: 0 | AN15: 0 | AO15: 0 | AP15: 0 | AQ15: 0 | AR15: 0 | AS15: 0 | AT15: 0 | AU15: 0 | AV15: 0 | AW15: 0 | AX15: 0 | AY15: 0 | AZ15: 0 | BA15: 0 | BB15: 0 | BC15: 0 | BD15: 0 | BE15: 0 | BF15: 0 | BG15: 0 | BH15: 0 | BI15: 0 | BJ15: 0 | BK15: 0 | BL15: 0 | BM15: 0 | BN15: 0 | BO15: 0 | BP15: 0 | BQ15: 0 | BR15: 0 | BS15: 0 | BT15: 0 | BU15: 0 | BV15: 0 | BW15: 0 | BX15: 0 | BY15: 0 | BZ15: 0 | CA15: 0 | CB15: 0 | CC15: 0 | CD15: 0 | CE15: 0 | CF15: 0 | CG15: 0 | CH15: 0 | CI15: 0 | CJ15: 0 | CK15: 0 | CL15: 0 | CM15: 0 | CN15: 0 | CO15: 0 | CP15: 0 | CQ15: 0 | CR15: 0 | CS15: 0 | CT15: 0 | CU15: 0 | CV15: 0 | CW15: 0
A16: Capital Market Line

Sheet Plots
